{"stats":{"minecraft:mined":{"minecraft:spawner":1},"minecraft:custom":{"minecraft:jump":59,"minecraft:time_since_rest":7284,"minecraft:crouch_one_cm":277,"lootr:looted_stat":1,"minecraft:sprint_one_cm":8161,"minecraft:leave_game":2,"minecraft:play_time":7284,"minecraft:time_since_death":7284,"minecraft:walk_one_cm":15423,"minecraft:sneak_time":73,"minecraft:climb_one_cm":28,"minecraft:total_world_time":7284,"minecraft:fridge_opened":1,"minecraft:freezer_opened":1,"minecraft:fall_one_cm":1525,"minecraft:fly_one_cm":12608},"minecraft:used":{"minecraft:wooden_pickaxe":1}},"DataVersion":2975}